Product_Name,Category,Price,Discount,Sales_Quantity,Future_Price
Camera,Accessories,1141.65,25.62,51,849.1592700000001
Laptop,Gadgets,184.52,48.29,47,95.41529200000001
Headphones,Cameras,1910.88,17.14,45,1583.355168
Mouse,Accessories,217.17,18.45,30,177.102135
Mouse,Gadgets,1786.25,7.58,73,1650.8522500000001
Monitor,Gadgets,1621.97,12.19,31,1424.251857
Mouse,Cameras,1162.42,11.01,91,1034.437558
Headphones,Gadgets,1627.55,48.99,93,830.213255
Camera,Gadgets,1726.04,49.05,25,879.4173800000001
Mouse,Electronics,1967.64,11.09,1,1749.428724
Smartphone,Electronics,1012.94,43.44,26,572.9188640000001
Monitor,Cameras,1287.42,27.1,91,938.52918
Camera,Accessories,969.29,39.58,10,585.645018
Laptop,Cameras,1826.69,10.68,41,1631.599508
Headphones,Electronics,189.37,17.07,70,157.044541
Keyboard,Accessories,1316.66,5.58,67,1243.190372
Monitor,Electronics,1024.76,15.5,21,865.9222
Laptop,Electronics,1479.72,34.48,30,969.512544
Laptop,Accessories,1509.82,49.21,44,766.837578
Monitor,Gadgets,876.45,28.59,26,625.872945
Mouse,Gadgets,518.81,25.58,91,386.09840199999996
Laptop,Electronics,530.96,7.04,44,493.580416
Monitor,Gadgets,1785.85,24.51,7,1348.138165
Camera,Gadgets,795.88,18.55,65,648.24426
Mouse,Gadgets,120.12,20.43,87,95.579484
Monitor,Gadgets,1143.99,47.96,95,595.332396
Mouse,Accessories,147.89,35.26,56,95.74398599999999
Camera,Cameras,194.19,21.38,54,152.672178
Mouse,Electronics,1862.98,17.25,100,1541.61595
Smartphone,Accessories,1007.22,8.12,13,925.4337360000001
Monitor,Accessories,1791.3,36.19,40,1143.02853
Keyboard,Electronics,665.93,42.34,74,383.975238
Headphones,Accessories,208.91,40.57,48,124.155213
Keyboard,Accessories,1196.01,40.22,11,714.974778
Smartphone,Accessories,1467.9,10.41,86,1315.0916100000002
Smartphone,Accessories,1168.07,19.01,81,946.0198929999999
Keyboard,Cameras,267.32,32.31,35,180.94890800000002
Monitor,Electronics,380.23,45.29,90,208.02383300000002
Camera,Gadgets,1405.69,36.73,87,889.3800630000001
Headphones,Cameras,1406.14,31.24,10,966.8618640000001
Keyboard,Accessories,1312.05,9.94,43,1181.63223
Mouse,Gadgets,1851.0,11.9,42,1630.731
Smartphone,Cameras,1000.28,11.39,93,886.348108
Mouse,Electronics,154.35,40.74,69,91.46781
Laptop,Electronics,1003.52,31.86,82,683.798528
Keyboard,Accessories,1434.07,44.35,58,798.059955
Keyboard,Gadgets,443.34,23.37,96,339.73144199999996
Keyboard,Cameras,1826.49,32.05,56,1241.099955
Mouse,Accessories,986.89,24.26,10,747.4704859999999
Camera,Cameras,144.96,41.85,91,84.29423999999999
Smartphone,Gadgets,1388.64,18.29,12,1134.657744
Camera,Accessories,1087.95,9.88,79,980.46054
Keyboard,Electronics,452.16,29.54,33,318.59193600000003
Smartphone,Electronics,1887.1,40.45,82,1123.76805
Mouse,Gadgets,310.58,14.02,92,267.036684
Mouse,Accessories,975.76,5.58,82,921.312592
Laptop,Accessories,848.98,42.67,42,486.72023399999995
Laptop,Accessories,184.05,35.24,49,119.19078
Camera,Accessories,149.82,5.86,58,141.040548
Laptop,Accessories,1178.64,7.99,51,1084.466664
Mouse,Gadgets,1395.41,46.62,19,744.8698580000001
Monitor,Accessories,616.68,12.17,99,541.6300439999999
Camera,Accessories,264.35,17.19,9,218.90823500000002
Headphones,Electronics,1679.02,13.64,49,1450.001672
Headphones,Accessories,1004.01,12.42,49,879.311958
Mouse,Electronics,158.89,41.51,50,92.934761
Headphones,Cameras,504.58,8.0,87,464.2136
Headphones,Gadgets,1841.26,23.5,97,1408.5639
Headphones,Gadgets,1470.98,20.77,31,1165.457454
Headphones,Electronics,1937.67,8.23,52,1778.199759
Keyboard,Electronics,1723.32,13.25,71,1494.9800999999998
Mouse,Cameras,1580.24,20.43,2,1257.396968
Monitor,Accessories,1493.0,32.92,7,1001.5044000000001
Headphones,Cameras,191.38,13.62,7,165.314044
Monitor,Accessories,1620.55,39.73,29,976.705485
Camera,Electronics,1587.51,44.41,76,882.4968090000001
Keyboard,Cameras,1783.67,33.0,38,1195.0589
Camera,Electronics,487.1,14.94,7,414.32726
Mouse,Electronics,146.16,23.82,83,111.344688
Monitor,Electronics,961.85,32.34,41,650.78771
Monitor,Accessories,852.51,5.8,63,803.0644199999999
Keyboard,Cameras,472.6,34.76,76,308.32424000000003
Camera,Gadgets,940.18,29.43,3,663.485026
Camera,Gadgets,577.18,29.24,75,408.41256799999996
Laptop,Gadgets,576.8,27.27,70,419.50664
Smartphone,Accessories,504.91,18.98,55,409.07808200000005
Headphones,Electronics,1832.69,34.85,13,1193.997535
Mouse,Gadgets,1521.44,46.86,9,808.493216
Smartphone,Electronics,1171.01,23.09,80,900.623791
Laptop,Accessories,1800.47,40.3,1,1074.88059
Mouse,Cameras,436.15,27.76,42,315.07475999999997
Smartphone,Electronics,384.64,25.83,55,285.287488
Mouse,Cameras,1871.61,19.87,3,1499.7210929999999
Camera,Electronics,1709.71,5.59,29,1614.1372110000002
Mouse,Accessories,497.73,14.26,1,426.753702
Headphones,Accessories,940.16,16.05,82,789.26432
Mouse,Cameras,1536.17,10.99,49,1367.3449170000001
Smartphone,Gadgets,1654.74,25.3,12,1236.09078
Mouse,Gadgets,992.93,18.7,45,807.25209
Smartphone,Gadgets,1777.59,9.76,56,1604.097216
Smartphone,Electronics,908.21,7.78,63,837.5512620000001
Mouse,Gadgets,1373.9,29.17,22,973.13337
Headphones,Cameras,838.42,28.08,5,602.991664
Monitor,Cameras,1192.81,15.95,33,1002.5568049999999
Smartphone,Accessories,572.44,43.12,62,325.603872
Keyboard,Electronics,1163.23,23.78,85,886.613906
Headphones,Cameras,1112.95,11.56,60,984.2929800000001
Monitor,Cameras,1078.02,7.97,33,992.101806
Camera,Accessories,640.35,42.59,73,367.624935
Laptop,Accessories,517.72,30.28,62,360.95438400000006
Laptop,Accessories,718.96,29.1,27,509.74264
Keyboard,Cameras,1740.37,27.16,48,1267.6855079999998
Mouse,Gadgets,1732.5,20.98,77,1369.0215
Headphones,Accessories,878.5,49.97,5,439.51354999999995
Smartphone,Accessories,1320.31,13.84,87,1137.579096
Keyboard,Cameras,1347.98,12.89,6,1174.225378
Monitor,Accessories,422.57,33.01,57,283.079643
Mouse,Gadgets,614.59,29.62,96,432.548442
Camera,Cameras,474.06,36.44,42,301.31253599999997
Camera,Accessories,1538.92,35.06,41,999.374648
Monitor,Electronics,1589.26,5.94,6,1494.857956
Keyboard,Cameras,1576.94,17.93,20,1294.1946580000001
Camera,Cameras,1777.61,5.08,41,1687.3074119999999
Keyboard,Gadgets,257.74,27.08,93,187.94400800000003
Headphones,Electronics,315.75,45.0,57,173.66250000000002
Keyboard,Gadgets,1651.54,30.64,20,1145.508144
Monitor,Electronics,387.43,14.74,44,330.32281800000004
Laptop,Electronics,735.56,11.11,58,653.839284
Headphones,Electronics,1920.33,15.33,41,1625.943411
Camera,Electronics,809.82,28.52,15,578.859336
Laptop,Gadgets,846.42,13.89,54,728.852262
Camera,Cameras,753.32,26.58,81,553.087544
Smartphone,Accessories,787.2,24.96,89,590.71488
Camera,Gadgets,280.2,45.93,14,151.50413999999998
Laptop,Cameras,222.63,49.19,2,113.118303
Camera,Accessories,1103.72,43.25,85,626.3611
Smartphone,Gadgets,1296.99,15.06,97,1101.663306
Monitor,Gadgets,1401.03,24.95,63,1051.4730149999998
Smartphone,Gadgets,1118.66,27.73,22,808.455582
Smartphone,Electronics,326.88,24.72,79,246.075264
Headphones,Accessories,891.1,41.92,49,517.55088
Camera,Electronics,513.04,29.15,69,363.48884
Laptop,Accessories,1864.56,6.9,24,1735.90536
Mouse,Gadgets,875.54,24.46,9,661.3829159999999
Smartphone,Gadgets,492.19,45.22,50,269.621682
Laptop,Accessories,607.24,41.15,66,357.36074
Mouse,Cameras,1121.87,6.52,7,1048.724076
Keyboard,Cameras,1417.61,7.4,12,1312.7068599999998
Smartphone,Electronics,742.66,9.72,43,670.473448
Monitor,Electronics,183.93,16.9,87,152.84583
Monitor,Electronics,1731.38,26.92,12,1265.292504
Headphones,Cameras,936.75,28.89,75,666.122925
Laptop,Gadgets,1515.67,5.94,10,1425.639202
Mouse,Cameras,899.64,23.08,66,692.0030879999999
Camera,Electronics,1110.75,16.44,96,928.1427
Mouse,Electronics,1775.8,10.98,25,1580.8171599999998
Smartphone,Gadgets,260.84,11.08,8,231.93892799999998
Smartphone,Electronics,764.11,40.12,55,457.54906800000003
Mouse,Gadgets,491.35,6.01,9,461.819865
Headphones,Electronics,968.75,16.22,49,811.61875
Camera,Gadgets,1621.65,44.34,88,902.61039
Keyboard,Electronics,1911.04,19.12,90,1545.649152
Monitor,Cameras,1894.36,6.13,53,1778.2357319999999
Laptop,Gadgets,1273.89,34.16,95,838.7291760000002
Monitor,Gadgets,386.73,19.91,58,309.732057
Headphones,Accessories,197.77,18.21,35,161.756083
Mouse,Electronics,1805.53,31.18,18,1242.5657459999998
Camera,Gadgets,691.05,40.1,34,413.93895
Laptop,Accessories,532.18,24.11,20,403.871402
Mouse,Electronics,1911.28,35.74,72,1228.1885280000001
Keyboard,Electronics,376.49,15.3,77,318.88703
Keyboard,Accessories,680.82,46.71,71,362.80897799999997
Camera,Accessories,935.52,46.38,62,501.625824
Mouse,Electronics,1880.82,26.57,44,1381.086126
Keyboard,Gadgets,932.1,18.41,98,760.5003899999999
Camera,Cameras,141.68,28.35,23,101.51371999999999
Mouse,Gadgets,456.0,17.34,89,376.9296
Laptop,Gadgets,1082.19,16.18,92,907.091658
Camera,Accessories,1088.7,12.74,72,949.99962
Keyboard,Accessories,1082.86,10.0,76,974.574
Smartphone,Accessories,1885.49,23.12,20,1449.5647119999999
Smartphone,Gadgets,719.79,47.81,76,375.658401
Laptop,Gadgets,1457.24,19.97,77,1166.229172
Laptop,Accessories,1918.86,9.71,59,1732.538694
Monitor,Accessories,906.24,12.64,36,791.6912639999999
Smartphone,Gadgets,1898.97,32.78,4,1276.4876339999998
Keyboard,Electronics,1945.64,28.64,86,1388.4087040000002
Keyboard,Gadgets,1810.8,12.87,79,1577.75004
Laptop,Electronics,1679.08,42.53,54,964.967276
Laptop,Electronics,182.56,42.16,72,105.59270400000001
Camera,Cameras,498.36,40.93,66,294.381252
Headphones,Electronics,1176.68,25.96,4,871.213872
Monitor,Electronics,1545.23,11.9,17,1361.34763
Keyboard,Accessories,1342.48,7.09,2,1247.298168
Headphones,Electronics,126.88,25.63,67,94.360656
Laptop,Accessories,159.01,11.25,51,141.12137499999997
Mouse,Gadgets,1140.5,37.5,10,712.8125
Monitor,Accessories,1312.08,31.58,33,897.725136
Camera,Electronics,1319.4,16.55,43,1101.0393000000001
Smartphone,Cameras,514.05,34.39,75,337.26820499999997
Laptop,Electronics,686.48,42.61,7,393.97087200000004
Monitor,Cameras,859.09,32.5,92,579.88575
Monitor,Accessories,131.98,5.11,80,125.23582199999998
Smartphone,Electronics,1565.47,42.97,12,892.787541
Laptop,Electronics,688.55,30.46,88,478.81766999999996
Laptop,Accessories,163.96,8.14,13,150.613656
Camera,Cameras,991.0,25.2,62,741.268
Monitor,Electronics,129.28,14.63,24,110.366336
Smartphone,Accessories,1737.41,24.33,69,1314.698147
Keyboard,Accessories,1112.25,34.03,2,733.751325
Mouse,Accessories,1647.17,14.74,38,1404.377142
Laptop,Electronics,537.35,21.44,75,422.14216
Laptop,Electronics,263.87,12.82,68,230.041866
Mouse,Gadgets,352.42,16.28,13,295.046024
Laptop,Accessories,1452.39,19.23,40,1173.095403
Monitor,Cameras,1787.28,8.08,92,1642.867776
Camera,Cameras,1866.6,16.23,16,1563.6508199999998
Mouse,Accessories,1344.56,32.43,10,908.519192
Headphones,Cameras,249.4,44.54,89,138.31724
Headphones,Accessories,557.02,49.42,85,281.740716
Camera,Cameras,1624.95,39.72,15,979.51986
Mouse,Accessories,370.1,45.72,25,200.89028
Monitor,Cameras,1805.01,40.34,24,1076.868966
Camera,Cameras,1301.34,32.22,28,882.0482519999999
Laptop,Electronics,677.6,33.18,40,452.77232000000004
Camera,Gadgets,861.14,6.83,43,802.324138
Monitor,Gadgets,113.31,9.36,63,102.704184
Smartphone,Accessories,1276.39,19.94,96,1021.877834
Keyboard,Electronics,1151.09,17.66,87,947.807506
Camera,Accessories,483.16,32.51,41,326.08468400000004
Monitor,Accessories,514.74,26.27,85,379.517802
Laptop,Electronics,1219.86,41.82,34,709.7145479999999
Smartphone,Accessories,1714.51,45.92,54,927.2070079999999
Monitor,Electronics,1525.55,5.61,73,1439.966645
Camera,Cameras,563.84,19.47,96,454.060352
Monitor,Gadgets,542.86,43.32,45,307.693048
Mouse,Accessories,467.71,26.41,56,344.187789
Laptop,Accessories,1540.73,29.11,52,1092.2234970000002
Laptop,Accessories,870.0,33.48,93,578.724
Headphones,Gadgets,1607.9,7.67,32,1484.5740700000001
Laptop,Accessories,236.52,30.11,45,165.30382800000004
Headphones,Cameras,1062.14,25.11,10,795.4366460000001
Monitor,Accessories,1832.69,48.41,93,945.484771
Mouse,Accessories,968.17,40.3,33,577.99749
Monitor,Accessories,1934.23,19.13,96,1564.211801
Laptop,Electronics,1761.07,44.16,99,983.381488
Camera,Cameras,1796.65,45.34,85,982.04889
Mouse,Gadgets,1618.65,47.74,18,845.90649
Mouse,Accessories,180.93,10.23,67,162.420861
Laptop,Electronics,728.36,47.86,37,379.76690400000007
Keyboard,Gadgets,1685.87,10.78,65,1504.133214
Keyboard,Gadgets,466.74,17.38,17,385.62058800000005
Smartphone,Cameras,1708.12,41.3,5,1002.6664399999999
Laptop,Accessories,1559.01,9.16,56,1416.204684
Laptop,Gadgets,1433.72,25.58,41,1066.974424
Camera,Gadgets,1425.94,18.16,46,1166.989296
Keyboard,Electronics,1647.65,13.4,93,1426.8649
Camera,Cameras,536.86,36.98,10,338.3291720000001
Laptop,Gadgets,886.19,16.12,7,743.336172
Mouse,Cameras,1492.62,47.6,89,782.13288
Headphones,Cameras,1687.96,46.08,38,910.1480320000001
Headphones,Accessories,1633.87,38.29,26,1008.2611769999999
Laptop,Cameras,788.92,45.5,27,429.9613999999999
Headphones,Cameras,974.42,49.97,80,487.5023259999999
Monitor,Cameras,1039.54,30.01,82,727.574046
Monitor,Accessories,1377.59,12.98,62,1198.778818
Monitor,Gadgets,1999.21,47.97,33,1040.188963
Monitor,Electronics,1640.89,9.42,89,1486.318162
Camera,Accessories,1159.56,38.81,48,709.534764
Headphones,Cameras,1368.23,33.92,28,904.126384
Mouse,Electronics,937.24,24.57,62,706.9601319999999
Camera,Gadgets,297.91,40.5,77,177.25645
Smartphone,Electronics,946.37,29.39,62,668.231857
Smartphone,Cameras,820.56,33.87,52,542.6363279999999
Monitor,Accessories,1025.7,14.72,41,874.7169600000001
Smartphone,Gadgets,382.7,39.64,95,230.99771999999996
Laptop,Electronics,1473.13,18.17,60,1205.462279
Camera,Gadgets,1169.72,8.26,61,1073.101128
Keyboard,Gadgets,1750.84,40.23,22,1046.477068
Smartphone,Accessories,1147.85,16.97,72,953.059855
Smartphone,Accessories,416.19,5.44,64,393.549264
Laptop,Cameras,1183.45,28.0,20,852.084
Smartphone,Accessories,1465.12,11.9,47,1290.77072
Camera,Accessories,239.08,39.88,17,143.734896
Keyboard,Gadgets,1213.11,40.0,20,727.8659999999999
Laptop,Accessories,1379.21,35.52,55,889.3146080000001
Headphones,Accessories,1796.09,20.94,9,1419.988754
Laptop,Accessories,221.49,41.39,57,129.815289
Keyboard,Accessories,576.66,8.59,91,527.124906
Headphones,Gadgets,234.96,43.0,74,133.92720000000003
Laptop,Cameras,1583.82,10.88,47,1411.500384
Laptop,Accessories,1499.12,9.19,66,1361.350872
Laptop,Accessories,1112.86,15.45,99,940.9231299999999
Keyboard,Accessories,137.49,42.06,99,79.661706
Mouse,Electronics,1317.35,32.53,54,888.8160449999999
Camera,Accessories,1690.39,14.39,92,1447.142879
Keyboard,Cameras,761.88,7.92,27,701.5391040000001
Camera,Gadgets,1567.21,25.49,18,1167.7281710000002
Laptop,Gadgets,611.64,39.8,62,368.20728
Camera,Cameras,1032.13,48.6,90,530.5148200000001
Headphones,Gadgets,295.16,41.5,68,172.6686
Camera,Cameras,1083.17,18.66,49,881.0504780000001
Headphones,Accessories,1721.53,13.13,25,1495.493111
Monitor,Gadgets,1248.12,25.38,36,931.3471439999998
Monitor,Cameras,174.82,13.45,19,151.30671
Laptop,Accessories,671.51,24.24,60,508.73597600000005
Mouse,Cameras,492.9,19.66,15,395.99586
Headphones,Accessories,1312.49,9.35,93,1189.772185
Headphones,Cameras,1154.51,44.04,6,646.063796
Headphones,Electronics,1362.1,36.58,4,863.84382
Keyboard,Cameras,387.23,22.36,67,300.645372
Camera,Electronics,1428.37,41.55,77,834.882265
Headphones,Cameras,125.82,11.52,9,111.325536
Monitor,Electronics,581.29,29.58,42,409.34441799999996
Laptop,Cameras,366.57,19.38,51,295.528734
Headphones,Accessories,1172.53,30.12,68,819.363964
Smartphone,Accessories,888.45,48.51,57,457.46290500000003
Laptop,Cameras,1249.14,14.54,22,1067.5150440000002
Smartphone,Gadgets,525.57,11.54,52,464.91922200000005
Smartphone,Cameras,192.67,14.86,42,164.039238
Headphones,Cameras,590.96,11.44,16,523.354176
Keyboard,Accessories,1443.86,49.6,57,727.70544
Headphones,Gadgets,116.35,26.17,78,85.90120499999999
Keyboard,Cameras,1675.41,19.3,90,1352.05587
Monitor,Gadgets,1354.72,11.63,45,1197.166064
Headphones,Gadgets,273.7,23.23,9,210.11949
Monitor,Accessories,611.15,27.03,18,445.95615499999997
Smartphone,Gadgets,1742.18,29.82,90,1222.661924
Headphones,Cameras,887.33,28.73,39,632.400091
Keyboard,Accessories,1001.38,13.8,55,863.18956
Laptop,Gadgets,1616.16,11.02,94,1438.0591680000002
Monitor,Electronics,122.91,32.11,31,83.443599
Monitor,Cameras,1626.77,25.84,38,1206.412632
Keyboard,Accessories,256.05,19.87,99,205.172865
Laptop,Gadgets,514.89,21.84,72,402.438024
Smartphone,Electronics,1846.64,44.08,31,1032.641088
Smartphone,Electronics,1213.33,40.25,54,724.9646749999998
Mouse,Accessories,977.48,22.72,100,755.3965440000001
Laptop,Electronics,1646.82,11.44,42,1458.4237919999998
Monitor,Electronics,1459.21,42.71,89,835.981409
Laptop,Cameras,1153.38,46.53,22,616.712286
Laptop,Cameras,105.29,11.48,71,93.202708
Laptop,Accessories,1658.56,48.84,96,848.5192959999998
Laptop,Electronics,549.89,26.94,78,401.74963399999996
Camera,Gadgets,778.39,9.66,95,703.1975259999999
Laptop,Electronics,1488.78,35.87,49,954.754614
Camera,Cameras,408.54,7.69,67,377.12327400000004
Laptop,Electronics,1612.59,10.72,60,1439.720352
Smartphone,Accessories,1177.96,16.84,90,979.591536
Keyboard,Cameras,1678.9,32.64,24,1130.90704
Keyboard,Accessories,322.72,15.67,79,272.14977600000003
Camera,Accessories,1383.88,35.98,23,885.9599760000002
Keyboard,Electronics,1757.57,14.37,19,1505.0071910000001
Smartphone,Cameras,113.43,38.2,80,70.09974
Keyboard,Electronics,1299.4,39.47,100,786.52682
Smartphone,Cameras,1746.91,25.9,69,1294.46031
Monitor,Electronics,1526.22,42.36,69,879.713208
Keyboard,Electronics,109.49,12.62,1,95.67236199999999
Smartphone,Gadgets,1745.16,43.55,50,985.14282
Camera,Gadgets,796.51,45.68,99,432.664232
Camera,Gadgets,1426.27,34.29,81,937.2020170000001
Laptop,Accessories,233.18,20.78,3,184.725196
Laptop,Electronics,705.58,14.14,94,605.8109880000001
Laptop,Gadgets,1862.46,26.13,22,1375.7992020000002
Monitor,Accessories,1359.05,8.19,91,1247.743805
Headphones,Gadgets,827.96,34.97,72,538.4223880000001
Laptop,Electronics,810.39,44.76,38,447.65943599999997
Headphones,Electronics,649.33,24.76,9,488.55589200000003
Monitor,Accessories,517.05,38.85,63,316.1760749999999
Mouse,Accessories,1324.83,19.84,67,1061.983728
Laptop,Gadgets,137.02,35.79,8,87.98054200000001
Keyboard,Electronics,403.57,23.83,18,307.399269
Keyboard,Electronics,567.51,22.27,60,441.125523
Camera,Accessories,336.26,10.26,28,301.759724
Mouse,Gadgets,469.23,9.03,84,426.85853099999997
Monitor,Cameras,678.14,46.92,68,359.9567119999999
Smartphone,Accessories,1005.1,47.17,94,530.99433
Laptop,Cameras,1766.1,34.85,19,1150.6141499999999
Laptop,Cameras,470.1,45.44,4,256.48656000000005
Mouse,Accessories,1477.89,24.19,46,1120.3884090000001
Mouse,Gadgets,1634.94,7.08,98,1519.1862480000002
Keyboard,Cameras,445.61,46.2,94,239.73818000000003
Camera,Cameras,1013.38,32.94,90,679.5726280000001
Keyboard,Accessories,1707.86,8.86,98,1556.543604
Camera,Electronics,1914.11,38.86,92,1170.2868539999997
Camera,Gadgets,1975.03,11.5,66,1747.90155
Laptop,Cameras,1770.61,49.42,11,895.574538
Headphones,Accessories,500.41,24.63,32,377.15901700000006
Monitor,Cameras,587.35,48.18,11,304.36477
Laptop,Electronics,669.68,6.37,60,627.021384
Camera,Accessories,1992.06,25.1,23,1492.05294
Headphones,Gadgets,184.81,41.28,99,108.52043199999999
Camera,Accessories,253.43,27.63,37,183.40729100000001
Smartphone,Accessories,1478.23,33.68,84,980.3621360000001
Headphones,Cameras,1275.44,20.68,53,1011.6790080000001
Monitor,Gadgets,872.63,39.82,99,525.148734
Headphones,Electronics,628.65,35.36,35,406.35936000000004
Headphones,Cameras,1670.49,25.23,9,1249.0253730000002
Headphones,Accessories,1398.13,32.43,79,944.716441
Monitor,Electronics,1092.05,36.19,69,696.837105
Mouse,Electronics,770.2,32.31,23,521.34838
Camera,Cameras,718.55,26.7,67,526.69715
Camera,Accessories,1755.6,41.09,39,1034.2239599999998
Smartphone,Electronics,791.14,27.35,1,574.76321
Smartphone,Electronics,556.29,43.09,47,316.5846389999999
Laptop,Gadgets,311.89,40.39,4,185.917629
Smartphone,Accessories,938.18,13.88,25,807.960616
Smartphone,Gadgets,1453.08,11.6,65,1284.52272
Camera,Cameras,198.67,27.23,72,144.572159
Headphones,Gadgets,629.85,13.71,16,543.497565
Monitor,Accessories,541.22,24.96,85,406.131488
Monitor,Gadgets,1828.61,25.66,75,1359.388674
Camera,Electronics,1638.14,8.11,18,1505.2868460000002
Headphones,Electronics,949.92,35.83,43,609.5636639999999
Smartphone,Cameras,1524.7,19.67,25,1224.79151
Laptop,Electronics,203.31,20.79,9,161.041851
Camera,Accessories,413.95,8.69,2,377.977745
Laptop,Cameras,684.42,38.4,20,421.60272
Camera,Accessories,1107.12,5.9,4,1041.79992
Mouse,Electronics,1098.71,49.6,45,553.7498400000001
Camera,Electronics,1935.07,35.77,76,1242.8954609999998
Mouse,Gadgets,1509.28,31.81,53,1029.1780319999998
Headphones,Cameras,824.08,14.06,42,708.214352
Camera,Cameras,1252.06,8.67,70,1143.506398
Camera,Gadgets,1618.91,6.34,62,1516.2711060000001
Mouse,Electronics,1467.09,31.81,5,1000.4086709999999
Laptop,Electronics,720.4,24.49,71,543.97404
Smartphone,Gadgets,988.09,44.23,78,551.0577930000001
Monitor,Accessories,1461.19,9.52,21,1322.084712
Smartphone,Electronics,808.23,41.51,92,472.733727
Monitor,Gadgets,624.23,24.42,31,471.79303400000003
Monitor,Cameras,1165.65,24.07,47,885.0780450000001
Headphones,Accessories,600.36,30.2,61,419.05127999999996
Camera,Gadgets,1640.64,18.8,69,1332.1996800000002
Headphones,Accessories,1338.52,47.34,16,704.8646319999999
Keyboard,Accessories,1190.94,32.25,53,806.86185
Monitor,Gadgets,1532.87,29.26,19,1084.352238
Smartphone,Cameras,866.22,36.84,69,547.104552
Headphones,Gadgets,1282.71,32.98,41,859.6722420000001
Laptop,Gadgets,607.54,28.06,78,437.064276
Monitor,Accessories,520.13,45.14,20,285.343318
Smartphone,Gadgets,840.56,33.43,95,559.5607919999999
Camera,Gadgets,1389.89,14.13,27,1193.4985430000002
Monitor,Gadgets,157.19,35.64,22,101.16748399999999
Monitor,Accessories,1828.53,6.97,82,1701.081459
Mouse,Electronics,391.34,10.53,45,350.131898
Mouse,Gadgets,974.98,43.55,14,550.37621
Headphones,Accessories,1225.18,48.67,25,628.884894
Laptop,Accessories,270.46,23.46,21,207.01008399999998
Keyboard,Cameras,909.14,27.84,53,656.035424
Headphones,Gadgets,1420.48,40.31,2,847.884512
Smartphone,Accessories,677.35,29.27,91,479.08965500000005
Laptop,Accessories,1738.78,23.65,41,1327.55853
Headphones,Cameras,1764.74,44.69,80,976.0776940000001
Smartphone,Gadgets,1634.08,19.93,68,1308.4078559999998
Laptop,Cameras,1262.16,11.21,39,1120.6718640000001
Smartphone,Cameras,195.45,17.34,54,161.55897
Mouse,Gadgets,483.06,16.35,15,404.07969
Smartphone,Gadgets,1789.3,21.55,9,1403.7058499999998
Camera,Electronics,1332.5,37.48,28,833.079
Headphones,Gadgets,909.95,5.58,88,859.17479
Keyboard,Gadgets,371.12,47.53,88,194.72666399999997
Smartphone,Accessories,1660.26,48.42,53,856.362108
Smartphone,Accessories,869.31,24.63,82,655.198947
Laptop,Cameras,1058.61,5.61,32,999.2219789999999
Keyboard,Gadgets,1609.43,49.37,85,814.854409
Camera,Accessories,1576.3,17.86,84,1294.77282
Keyboard,Electronics,269.52,24.32,9,203.972736
Headphones,Cameras,1967.79,11.33,38,1744.839393
Camera,Gadgets,620.95,8.35,100,569.100675
Monitor,Electronics,1768.69,42.85,56,1010.806335
Laptop,Electronics,824.04,22.89,24,635.417244
Keyboard,Gadgets,1221.61,16.29,10,1022.6097309999999
Smartphone,Accessories,1065.06,24.5,18,804.1202999999999
Laptop,Cameras,1905.01,31.21,18,1310.456379
Smartphone,Cameras,388.7,24.33,18,294.12929
Keyboard,Electronics,775.78,35.6,83,499.6023199999999
Headphones,Gadgets,1590.92,41.91,57,924.165428
Mouse,Cameras,1925.74,45.94,90,1041.055044
Smartphone,Cameras,1935.92,42.12,17,1120.510496
Mouse,Cameras,562.87,34.4,79,369.24272
Monitor,Cameras,1484.31,48.85,85,759.2245650000001
Smartphone,Accessories,1800.82,14.94,82,1531.777492
Laptop,Accessories,521.4,22.41,80,404.55426
Camera,Accessories,237.26,42.03,38,137.53962199999998
Mouse,Cameras,579.63,17.04,20,480.861048
Laptop,Accessories,187.3,29.83,64,131.42841
Monitor,Electronics,903.9,49.59,77,455.65599
Smartphone,Accessories,945.99,43.53,89,534.200553
Smartphone,Cameras,1944.57,12.63,52,1698.970809
Laptop,Cameras,1984.21,43.22,18,1126.6344380000003
Camera,Accessories,802.53,29.48,69,565.944156
Headphones,Electronics,1452.2,16.88,10,1207.0686400000002
Mouse,Gadgets,1764.52,41.05,26,1040.18454
Monitor,Cameras,266.29,39.9,78,160.04029
Headphones,Electronics,1012.35,34.85,34,659.546025
Headphones,Accessories,1484.37,38.13,65,918.379719
Monitor,Cameras,693.27,22.9,62,534.51117
Mouse,Electronics,579.78,34.09,91,382.132998
Laptop,Cameras,925.53,22.9,25,713.58363
Headphones,Cameras,1999.15,10.79,18,1783.4417150000002
Mouse,Cameras,1403.34,36.65,26,889.0158899999999
Monitor,Gadgets,386.5,28.52,26,276.2702
Keyboard,Electronics,1909.26,10.3,78,1712.6062200000001
Smartphone,Gadgets,523.36,14.38,51,448.10083199999997
Headphones,Cameras,209.35,28.21,38,150.292365
Keyboard,Cameras,524.86,6.68,83,489.79935200000006
Smartphone,Electronics,753.97,48.15,33,390.933445
Smartphone,Accessories,1122.23,39.08,11,683.662516
Headphones,Gadgets,1399.07,11.31,25,1240.835183
Keyboard,Cameras,1682.94,23.21,27,1292.3296260000002
Monitor,Cameras,140.37,45.12,38,77.035056
Mouse,Gadgets,359.76,36.94,10,226.86465600000002
Laptop,Electronics,1244.73,18.01,15,1020.554127
Laptop,Accessories,1700.99,34.68,84,1111.086668
Camera,Cameras,1723.78,44.6,36,954.9741200000001
Keyboard,Cameras,1145.72,44.84,43,631.979152
Camera,Accessories,1323.16,24.82,26,994.7516880000001
Mouse,Cameras,324.77,42.02,35,188.30164599999998
Laptop,Electronics,1263.03,49.95,4,632.1465149999999
Camera,Accessories,580.9,18.21,16,475.11810999999994
Mouse,Cameras,878.58,26.24,53,648.040608
Camera,Gadgets,1631.0,45.41,3,890.3629000000001
Camera,Electronics,1431.34,7.26,28,1327.424716
Keyboard,Accessories,418.86,27.57,7,303.380298
Laptop,Gadgets,603.55,30.79,40,417.7169549999999
Keyboard,Cameras,250.75,8.11,53,230.414175
Smartphone,Accessories,922.27,31.97,37,627.420281
Keyboard,Cameras,1406.52,33.25,89,938.8521
Camera,Gadgets,1783.16,38.52,57,1096.2867680000002
Smartphone,Accessories,1506.25,7.72,88,1389.9675000000002
Smartphone,Accessories,1619.01,36.94,11,1020.947706
Mouse,Gadgets,808.41,35.8,83,518.99922
Monitor,Cameras,969.7,29.94,33,679.3718200000001
Smartphone,Cameras,1854.12,16.52,36,1547.819376
Monitor,Cameras,1507.59,42.93,40,860.3816129999999
Laptop,Cameras,1864.04,6.05,39,1751.26558
Camera,Accessories,1951.8,16.32,93,1633.26624
Laptop,Accessories,1681.12,11.41,51,1489.304208
Headphones,Gadgets,293.44,42.99,40,167.29014400000003
Mouse,Accessories,486.34,31.55,10,332.89973
Keyboard,Electronics,601.66,28.62,28,429.464908
Headphones,Accessories,1899.42,49.28,8,963.385824
Mouse,Electronics,1727.18,30.51,89,1200.217382
Smartphone,Electronics,303.1,44.1,91,169.4329
Headphones,Electronics,1583.58,8.25,17,1452.93465
Monitor,Accessories,680.22,46.12,21,366.50253599999996
Laptop,Accessories,1380.06,46.79,83,734.329926
Laptop,Gadgets,1492.74,7.03,3,1387.800378
Laptop,Electronics,1379.01,49.82,37,691.987218
Laptop,Gadgets,905.99,36.73,31,573.219873
Headphones,Cameras,794.97,8.37,13,728.431011
Monitor,Accessories,1089.5,39.67,29,657.29535
Keyboard,Electronics,1983.9,6.11,28,1862.68371
Monitor,Electronics,1124.77,9.25,2,1020.7287749999999
Headphones,Accessories,1575.37,28.55,50,1125.6018649999999
Keyboard,Accessories,1724.56,9.29,11,1564.348376
Keyboard,Cameras,1929.45,11.78,87,1702.16079
Headphones,Accessories,1261.42,11.27,50,1119.2579660000001
Mouse,Cameras,1578.96,27.86,88,1139.061744
Smartphone,Gadgets,219.49,24.13,91,166.52706300000003
Monitor,Electronics,1005.18,32.26,59,680.9089319999999
Smartphone,Electronics,948.4,31.29,67,651.6456400000001
Mouse,Gadgets,1602.35,34.34,75,1052.1030099999998
Laptop,Gadgets,109.94,42.49,65,63.226493999999995
Camera,Electronics,1152.17,45.05,59,633.1174150000002
Camera,Cameras,890.22,43.4,51,503.8645200000001
Mouse,Accessories,434.15,15.15,73,368.376275
Smartphone,Cameras,674.63,19.39,12,543.819243
Headphones,Accessories,1140.15,6.17,71,1069.8027450000002
Monitor,Electronics,212.69,47.02,96,112.68316200000001
Headphones,Cameras,385.84,32.47,97,260.557752
Monitor,Cameras,339.37,49.48,20,171.44972400000003
Monitor,Cameras,1061.38,21.66,93,831.4850920000001
Keyboard,Gadgets,1224.9,18.79,14,994.7412900000002
Camera,Gadgets,540.19,43.52,45,305.099312
Camera,Accessories,1024.53,8.8,23,934.37136
Camera,Electronics,1989.5,8.59,64,1818.60195
Keyboard,Electronics,1283.32,24.07,38,974.4248759999999
Camera,Accessories,1127.87,41.55,40,659.240015
Headphones,Cameras,1872.99,34.13,1,1233.738513
Keyboard,Accessories,1559.24,14.68,44,1330.343568
Camera,Cameras,1897.34,45.86,50,1027.2198759999999
Laptop,Electronics,1914.33,6.25,2,1794.6843749999998
Laptop,Electronics,1881.49,18.9,20,1525.88839
Mouse,Cameras,1291.75,48.73,38,662.2802250000001
Keyboard,Accessories,750.05,26.22,54,553.38689
Keyboard,Gadgets,1763.52,39.38,33,1069.0458239999998
Smartphone,Cameras,938.53,36.84,64,592.775548
Monitor,Cameras,1272.75,42.95,1,726.103875
Smartphone,Accessories,1840.57,34.08,87,1213.303744
Headphones,Cameras,422.13,45.59,61,229.680933
Headphones,Accessories,930.27,5.03,59,883.4774189999999
Mouse,Accessories,1731.03,31.38,47,1187.832786
Headphones,Accessories,1958.42,29.29,4,1384.798782
Camera,Gadgets,1178.59,49.8,2,591.6521799999999
Camera,Cameras,1115.73,5.29,31,1056.707883
Keyboard,Electronics,932.04,12.72,4,813.484512
Camera,Cameras,1108.7,24.34,44,838.84242
Monitor,Accessories,418.14,28.54,18,298.802844
Camera,Accessories,1979.98,18.61,95,1611.505722
Monitor,Cameras,630.96,35.22,58,408.735888
Camera,Accessories,1033.52,33.69,27,685.327112
Camera,Accessories,1204.14,34.62,6,787.2667320000002
Laptop,Accessories,552.22,18.04,1,452.599512
Mouse,Gadgets,571.84,9.4,27,518.08704
Smartphone,Gadgets,728.52,30.68,25,505.010064
Mouse,Accessories,585.64,39.6,35,353.72656
Mouse,Accessories,154.33,26.07,2,114.09616900000002
Mouse,Cameras,1093.86,43.32,9,619.9998479999999
Mouse,Cameras,1568.94,39.58,92,947.9535480000002
Camera,Accessories,1662.67,27.32,69,1208.428556
Monitor,Accessories,1911.58,39.68,46,1153.065056
Keyboard,Electronics,357.52,25.19,43,267.460712
Camera,Gadgets,832.71,13.49,66,720.377421
Monitor,Cameras,172.19,38.85,12,105.29418499999998
Monitor,Accessories,776.99,22.13,9,605.042113
Mouse,Gadgets,937.66,46.63,23,500.42914199999996
Monitor,Accessories,1594.56,8.22,84,1463.4871679999999
Camera,Accessories,1769.32,34.64,35,1156.4275519999999
Smartphone,Cameras,1316.01,31.27,56,904.4936730000001
Camera,Accessories,1191.71,7.25,70,1105.311025
Laptop,Gadgets,1086.52,13.45,75,940.38306
Keyboard,Accessories,1586.6,31.72,34,1083.33048
Camera,Accessories,814.91,48.49,8,419.760141
Keyboard,Cameras,1991.35,6.35,23,1864.899275
Headphones,Cameras,1023.81,29.17,29,725.1646229999999
Laptop,Gadgets,1401.42,41.78,14,815.9067240000002
Keyboard,Cameras,1186.13,49.98,87,593.302226
Headphones,Gadgets,905.8,37.81,90,563.3170199999998
Monitor,Gadgets,941.78,28.19,34,676.2922179999999
Laptop,Cameras,1218.1,39.75,97,733.90525
Mouse,Cameras,504.82,37.57,66,315.159126
Mouse,Electronics,1355.58,5.86,3,1276.143012
Monitor,Electronics,297.32,15.86,79,250.165048
Mouse,Accessories,1310.22,19.17,27,1059.0508260000001
Keyboard,Gadgets,848.61,19.21,26,685.5920189999999
Mouse,Electronics,220.03,23.71,27,167.86088700000002
Laptop,Cameras,1234.32,26.27,88,910.0641360000001
Camera,Electronics,262.99,8.89,80,239.61018900000002
Keyboard,Accessories,665.08,34.36,98,436.558512
Headphones,Accessories,781.31,32.14,30,530.196966
Laptop,Gadgets,1454.82,33.89,38,961.7815019999999
Laptop,Gadgets,1989.73,45.66,50,1081.2192820000002
Mouse,Electronics,958.14,34.42,18,628.3482119999999
Camera,Cameras,856.54,42.85,67,489.51261
Keyboard,Accessories,1289.88,30.53,77,896.079636
Keyboard,Gadgets,1384.71,11.73,73,1222.283517
Smartphone,Electronics,247.5,18.76,98,201.06900000000002
Mouse,Gadgets,1660.91,27.91,94,1197.350019
Laptop,Accessories,993.27,48.41,59,512.427993
Headphones,Cameras,754.66,12.5,96,660.3275
Smartphone,Gadgets,1735.01,49.65,24,873.5775350000001
Monitor,Electronics,1715.07,9.28,85,1555.911504
Laptop,Cameras,1129.77,35.43,65,729.492489
Keyboard,Cameras,1213.7,26.17,53,896.07471
Mouse,Electronics,456.86,7.17,8,424.103138
Mouse,Accessories,938.63,31.24,50,645.401988
Laptop,Cameras,696.54,13.08,46,605.432568
Smartphone,Cameras,1613.07,8.21,83,1480.636953
Mouse,Cameras,654.24,36.3,73,416.75088
Smartphone,Accessories,1440.68,44.86,50,794.3909520000001
Monitor,Accessories,1963.62,26.58,62,1441.6898039999999
Camera,Accessories,225.74,22.11,36,175.828886
Camera,Gadgets,1975.73,46.77,24,1051.681079
Mouse,Cameras,1992.9,31.4,22,1367.1294
Camera,Cameras,1912.14,29.58,19,1346.528988
Laptop,Cameras,1943.65,7.6,83,1795.9326
Laptop,Gadgets,975.53,12.67,11,851.930349
Smartphone,Electronics,1657.15,31.51,54,1134.9820350000002
Camera,Electronics,826.77,35.47,64,533.514681
Monitor,Electronics,1804.27,41.55,49,1054.5958150000001
Keyboard,Accessories,789.06,37.78,83,490.9531319999999
Laptop,Electronics,1834.08,9.65,58,1657.0912799999999
Mouse,Accessories,933.76,5.36,2,883.710464
Camera,Gadgets,1388.36,21.15,39,1094.7218599999999
Headphones,Accessories,1966.26,17.99,39,1612.5298260000002
Smartphone,Electronics,625.54,44.51,57,347.11214599999994
Camera,Accessories,1454.88,9.77,54,1312.7382240000002
Keyboard,Electronics,979.54,25.16,35,733.087736
Monitor,Gadgets,1905.7,38.14,4,1178.8660200000002
Mouse,Electronics,312.02,27.73,14,225.49685399999998
Camera,Electronics,474.08,32.43,43,320.335856
Headphones,Accessories,1439.23,38.48,73,885.4142959999999
Mouse,Accessories,712.07,20.78,69,564.101854
Headphones,Cameras,1976.03,8.22,17,1813.600334
Mouse,Cameras,676.26,41.25,54,397.30275
Laptop,Accessories,1974.7,46.76,93,1051.33028
Laptop,Gadgets,1012.78,8.78,87,923.8579159999999
Keyboard,Electronics,710.61,32.5,75,479.66175000000004
Laptop,Gadgets,1215.04,39.21,27,738.622816
Smartphone,Accessories,1390.77,10.92,25,1238.8979160000001
Laptop,Cameras,1091.99,7.05,33,1015.004705
Laptop,Electronics,583.42,21.76,67,456.46780799999993
Keyboard,Cameras,926.7,37.92,52,575.2953600000001
Mouse,Accessories,1795.24,33.05,14,1201.91318
Camera,Cameras,1025.09,26.54,72,753.031114
Headphones,Accessories,1386.15,39.59,6,837.373215
Laptop,Accessories,1993.08,34.09,59,1313.639028
Camera,Gadgets,871.01,19.68,56,699.595232
Laptop,Electronics,229.69,30.83,1,158.876573
Laptop,Accessories,234.47,24.7,34,176.55591
Keyboard,Electronics,257.58,31.15,31,177.34383
Mouse,Electronics,1880.04,24.43,98,1420.746228
Smartphone,Cameras,1453.7,38.72,50,890.82736
Laptop,Cameras,1191.36,48.52,75,613.3121279999998
Keyboard,Electronics,649.26,35.96,18,415.78610399999997
Monitor,Gadgets,672.09,18.12,13,550.307292
Monitor,Electronics,185.23,34.4,78,121.51088
Mouse,Gadgets,1458.96,15.25,45,1236.4686000000002
Camera,Electronics,1974.71,11.71,8,1743.471459
Smartphone,Cameras,1104.52,15.16,78,937.0747680000001
Monitor,Gadgets,706.07,24.27,20,534.706811
Smartphone,Gadgets,796.49,5.27,31,754.514977
Laptop,Accessories,635.36,8.96,50,578.431744
Keyboard,Accessories,648.04,40.22,59,387.398312
Monitor,Accessories,1345.84,8.64,73,1229.5594239999998
Keyboard,Accessories,811.66,37.0,54,511.3458
Keyboard,Gadgets,463.99,39.85,14,279.08998499999996
Headphones,Accessories,1986.23,38.96,94,1212.394792
Smartphone,Accessories,432.1,36.46,96,274.55634
Smartphone,Electronics,122.75,23.07,8,94.431575
Keyboard,Gadgets,1935.3,37.58,44,1208.0142600000001
Smartphone,Accessories,814.71,26.99,62,594.8197710000001
Mouse,Cameras,1377.42,35.09,96,894.0833220000001
Keyboard,Accessories,1738.42,49.57,57,876.685206
Monitor,Cameras,1815.58,18.35,31,1482.4210699999999
Camera,Electronics,1747.37,12.5,76,1528.94875
Camera,Gadgets,914.49,23.2,79,702.3283200000001
Monitor,Accessories,307.14,22.05,50,239.41563
Monitor,Gadgets,167.4,28.49,64,119.70774000000002
Camera,Accessories,370.69,27.83,28,267.526973
Laptop,Electronics,1425.37,7.61,21,1316.8993429999998
Headphones,Cameras,565.31,38.64,67,346.87421599999993
Laptop,Gadgets,1441.75,49.16,10,732.9857
Keyboard,Cameras,284.25,24.0,9,216.03
Monitor,Electronics,1680.12,28.73,46,1197.4215239999999
Smartphone,Cameras,1275.76,49.2,28,648.08608
Mouse,Gadgets,882.01,15.5,55,745.29845
Laptop,Electronics,130.13,12.59,65,113.74663299999999
Mouse,Gadgets,1549.53,39.1,24,943.66377
Smartphone,Cameras,359.87,28.81,95,256.19145299999997
Smartphone,Accessories,1943.41,24.77,70,1462.027343
Laptop,Electronics,1050.72,45.15,59,576.31992
Camera,Accessories,109.62,18.72,54,89.099136
Mouse,Accessories,1711.96,33.45,85,1139.30938
Mouse,Electronics,1480.18,22.39,3,1148.767698
Camera,Cameras,1022.68,20.95,70,808.4285399999999
Monitor,Gadgets,146.06,40.84,56,86.40909599999999
Laptop,Gadgets,1857.63,11.39,53,1646.045943
Mouse,Gadgets,273.67,36.09,93,174.902497
Headphones,Gadgets,1141.99,48.6,51,586.9828600000001
Laptop,Electronics,154.7,24.99,77,116.04046999999998
Laptop,Accessories,111.85,37.37,43,70.05165500000001
Laptop,Electronics,1746.19,24.91,91,1311.214071
Smartphone,Electronics,844.3,10.27,85,757.59039
Headphones,Gadgets,1794.32,7.26,94,1664.052368
Headphones,Cameras,1506.42,32.27,57,1020.298266
Monitor,Accessories,1654.77,12.34,39,1450.571382
Laptop,Gadgets,192.87,33.04,34,129.145752
Smartphone,Gadgets,1196.38,38.11,20,740.4395820000001
Camera,Accessories,1405.12,37.22,33,882.134336
Headphones,Gadgets,1741.48,17.12,43,1443.338624
Headphones,Cameras,197.16,42.07,72,114.21478799999998
Camera,Gadgets,582.55,35.82,22,373.8805899999999
Headphones,Gadgets,1367.46,14.49,76,1169.315046
Smartphone,Electronics,669.81,23.46,83,512.6725739999999
Monitor,Gadgets,1293.91,20.73,1,1025.682457
Laptop,Cameras,1700.2,5.49,15,1606.85902
Headphones,Cameras,1310.62,15.68,69,1105.1147839999999
Smartphone,Electronics,1420.96,11.96,81,1251.013184
Mouse,Electronics,817.41,11.55,42,722.9991449999999
Monitor,Accessories,1516.59,31.69,5,1035.982629
Mouse,Cameras,1056.07,28.09,97,759.419937
Monitor,Accessories,1789.01,17.29,60,1479.690171
Smartphone,Gadgets,173.24,12.23,23,152.052748
Smartphone,Cameras,1589.11,6.74,96,1482.003986
Camera,Cameras,1682.23,27.08,37,1226.6821160000002
Monitor,Gadgets,1300.76,48.15,71,674.4440599999999
Monitor,Accessories,1435.89,25.62,53,1068.0149820000001
Laptop,Accessories,256.8,15.3,19,217.5096
Headphones,Accessories,422.33,14.46,61,361.261082
Mouse,Cameras,1926.61,26.8,24,1410.2785199999998
Keyboard,Electronics,281.05,15.53,94,237.402935
Monitor,Gadgets,1421.53,48.25,6,735.641775
Headphones,Gadgets,152.57,25.31,48,113.954533
Headphones,Cameras,638.72,18.5,64,520.5568
Keyboard,Gadgets,123.63,47.72,94,64.63376399999999
Headphones,Accessories,1145.28,25.73,26,850.5994559999999
Mouse,Electronics,265.99,37.9,10,165.17979
Smartphone,Accessories,168.12,23.8,3,128.10744
Mouse,Cameras,448.55,14.2,53,384.8559
Smartphone,Accessories,1361.38,23.82,4,1037.0992840000001
Headphones,Electronics,1991.65,27.67,59,1440.560445
Keyboard,Gadgets,1088.79,5.02,62,1034.132742
Monitor,Accessories,709.73,39.39,91,430.167353
Camera,Accessories,1499.54,17.33,13,1239.6697179999999
Headphones,Cameras,1816.48,32.73,24,1221.9460960000001
Camera,Cameras,1873.53,45.29,79,1025.008263
Keyboard,Gadgets,212.39,24.28,16,160.82170799999997
Keyboard,Electronics,1035.67,19.11,8,837.753463
Smartphone,Electronics,1119.98,12.25,56,982.7824499999999
Headphones,Cameras,1237.65,39.25,77,751.8723749999999
Monitor,Cameras,656.1,20.8,79,519.6312
Headphones,Accessories,1625.89,45.61,33,884.3215710000002
Smartphone,Accessories,1931.58,12.76,22,1685.110392
Laptop,Cameras,1900.53,24.93,45,1426.727871
Smartphone,Accessories,1840.15,48.42,48,949.1493700000001
Headphones,Cameras,952.65,16.98,62,790.89003
Camera,Cameras,647.69,35.33,80,418.8611230000001
Camera,Cameras,398.42,12.73,70,347.701134
Laptop,Cameras,1913.86,18.29,76,1563.815006
Smartphone,Cameras,1308.64,48.11,62,679.053296
Camera,Electronics,922.83,28.92,83,655.947564
Laptop,Accessories,1183.67,29.15,87,838.6301950000001
Keyboard,Accessories,715.72,22.77,14,552.750556
Keyboard,Gadgets,1815.84,16.97,77,1507.691952
Camera,Gadgets,1190.62,42.02,55,690.321476
Monitor,Gadgets,1099.69,36.99,57,692.914669
Mouse,Cameras,1432.37,23.01,90,1102.781663
Monitor,Cameras,1016.44,45.64,35,552.536784
Mouse,Gadgets,900.31,48.44,42,464.199836
Headphones,Gadgets,1324.73,36.13,47,846.1050510000001
Smartphone,Cameras,1278.76,47.31,66,673.7786439999999
Smartphone,Gadgets,1653.14,28.41,23,1183.4829260000001
Camera,Cameras,1908.56,36.57,73,1210.599608
Laptop,Electronics,802.83,36.31,81,511.32242700000006
Camera,Gadgets,532.7,33.77,1,352.80721
Laptop,Cameras,1804.27,31.21,55,1241.1573329999999
Monitor,Cameras,1998.13,11.99,56,1758.5542130000001
Laptop,Electronics,1404.9,9.9,56,1265.8149
Smartphone,Gadgets,1523.38,29.64,52,1071.8501680000002
Keyboard,Gadgets,1630.72,25.75,81,1210.8095999999998
Mouse,Gadgets,1076.25,22.05,57,838.936875
Smartphone,Cameras,1993.78,21.89,40,1557.341558
Mouse,Gadgets,1211.21,32.74,69,814.659846
Camera,Accessories,1653.51,20.34,48,1317.186066
Headphones,Accessories,1905.97,28.38,87,1365.0557139999999
Monitor,Accessories,780.45,36.14,91,498.39537000000007
Keyboard,Accessories,841.52,31.03,94,580.396344
Keyboard,Cameras,665.75,36.22,46,424.61535000000003
Mouse,Cameras,319.1,26.09,83,235.84681
Laptop,Electronics,530.93,40.05,34,318.292535
Smartphone,Accessories,305.91,25.11,65,229.09599900000003
Mouse,Accessories,1334.84,29.7,51,938.39252
Headphones,Accessories,1179.66,22.62,24,912.8209080000001
Camera,Accessories,1020.53,38.19,47,630.7895930000001
Headphones,Electronics,465.32,5.91,51,437.81958799999995
Keyboard,Gadgets,1879.31,14.04,47,1615.454876
Headphones,Gadgets,1646.8,27.67,4,1191.1304400000001
Smartphone,Accessories,1403.8,48.99,60,716.0783799999999
Mouse,Gadgets,1013.14,10.62,79,905.544532
Camera,Electronics,1458.78,32.6,8,983.2177199999999
Camera,Cameras,278.44,34.63,31,182.01622799999998
Laptop,Cameras,1210.68,25.5,47,901.9566000000001
Monitor,Gadgets,1407.84,5.69,55,1327.733904
Camera,Cameras,820.18,5.5,12,775.0700999999999
Camera,Cameras,1429.31,5.34,19,1352.9848459999998
Camera,Accessories,1326.02,14.17,38,1138.1229660000001
Camera,Cameras,1012.06,32.31,18,685.063414
Camera,Electronics,402.83,23.65,35,307.56070500000004
Camera,Cameras,234.47,42.89,50,133.90581699999998
Laptop,Gadgets,1531.74,33.66,71,1016.156316
Monitor,Electronics,1873.97,20.39,45,1491.8675170000001
Smartphone,Accessories,367.56,48.43,89,189.55069200000003
Camera,Gadgets,469.24,34.35,94,308.05606
Monitor,Electronics,1416.64,17.92,73,1162.778112
Mouse,Cameras,421.83,47.56,76,221.207652
Laptop,Cameras,107.3,28.46,21,76.76242
Headphones,Accessories,1131.7,24.2,51,857.8286
Headphones,Electronics,548.6,17.41,9,453.08874
Camera,Gadgets,450.98,12.08,30,396.501616
Headphones,Cameras,1470.79,30.35,34,1024.405235
Keyboard,Accessories,1565.7,46.04,64,844.8517200000001
Keyboard,Cameras,1074.88,47.76,24,561.5173120000001
Camera,Electronics,1271.84,39.93,73,763.994288
Keyboard,Gadgets,1901.66,30.6,88,1319.7520399999999
Mouse,Gadgets,805.14,6.54,72,752.483844
Headphones,Accessories,534.57,39.67,6,322.506081
Smartphone,Electronics,1804.83,33.44,65,1201.294848
Laptop,Gadgets,1501.33,36.19,77,957.9986729999999
Laptop,Cameras,1065.46,10.25,90,956.25035
Camera,Gadgets,474.71,43.65,7,267.499085
Monitor,Gadgets,1099.75,41.53,18,643.023825
Camera,Electronics,255.5,23.58,99,195.2531
Camera,Accessories,1882.61,45.78,47,1020.751142
Camera,Accessories,1652.09,31.92,34,1124.7428719999998
Mouse,Electronics,1992.23,20.84,38,1577.049268
Headphones,Electronics,1400.77,6.7,44,1306.91841
Camera,Electronics,1767.89,21.74,4,1383.550714
Keyboard,Electronics,1906.1,6.09,12,1790.01851
Camera,Cameras,622.47,43.09,65,354.24767699999995
Laptop,Gadgets,593.92,5.72,58,559.947776
Monitor,Cameras,1619.63,8.62,81,1480.017894
Smartphone,Gadgets,1356.38,43.57,72,765.4052340000001
Headphones,Gadgets,1745.68,15.44,51,1476.1470080000001
Headphones,Accessories,593.32,18.52,79,483.437136
Mouse,Electronics,586.85,6.59,58,548.176585
Monitor,Cameras,1608.82,30.08,57,1124.886944
Headphones,Electronics,246.49,19.39,13,198.695589
Mouse,Accessories,151.56,9.18,87,137.646792
Laptop,Electronics,1315.15,40.9,44,777.25365
Laptop,Gadgets,637.1,31.25,20,438.00625
Mouse,Accessories,1478.09,22.05,87,1152.171155
Mouse,Gadgets,456.52,18.26,77,373.159448
Camera,Accessories,1963.84,7.75,61,1811.6424
Smartphone,Accessories,1277.21,36.14,30,815.6263060000001
Smartphone,Accessories,1554.72,43.04,50,885.568512
Keyboard,Cameras,149.03,8.44,77,136.451868
Laptop,Accessories,602.49,48.0,1,313.2948
Keyboard,Electronics,1924.55,10.57,52,1721.125065
Laptop,Electronics,1063.76,29.53,12,749.631672
Mouse,Cameras,1592.75,31.88,15,1084.9813000000001
Smartphone,Cameras,1345.83,45.06,68,739.399002
Headphones,Cameras,1129.28,42.52,87,649.110144
Camera,Accessories,657.36,47.63,97,344.25943200000006
Keyboard,Gadgets,382.45,25.06,16,286.60803000000004
Keyboard,Electronics,1129.6,38.78,56,691.5411199999999
Monitor,Cameras,809.73,37.24,1,508.18654799999996
Laptop,Gadgets,754.03,25.78,75,559.6410659999999
Headphones,Cameras,568.11,13.56,21,491.07428400000003
Keyboard,Accessories,1126.2,24.01,83,855.79938
Laptop,Gadgets,1413.6,18.58,6,1150.95312
Mouse,Accessories,767.23,5.67,86,723.728059
Keyboard,Electronics,1834.93,38.62,59,1126.2800340000001
Camera,Cameras,257.12,17.72,16,211.558336
Keyboard,Gadgets,238.65,20.75,72,189.130125
Headphones,Cameras,1937.47,44.29,2,1079.364537
Keyboard,Accessories,1520.38,6.79,50,1417.1461980000001
Mouse,Gadgets,1404.0,19.64,32,1128.2544
Mouse,Cameras,987.81,43.76,5,555.544344
Monitor,Gadgets,1782.16,7.63,90,1646.181192
Camera,Accessories,1314.15,31.22,46,903.87237
Monitor,Electronics,1979.57,28.81,85,1409.2558829999998
Headphones,Gadgets,1812.41,27.14,15,1320.521926
Laptop,Cameras,212.21,42.68,100,121.63877199999999
Mouse,Accessories,949.42,20.43,11,755.453494
Monitor,Electronics,507.2,30.4,51,353.0112
Keyboard,Gadgets,814.09,39.61,73,491.62895100000003
Camera,Gadgets,1087.99,29.89,49,762.789789
Smartphone,Gadgets,993.95,42.43,74,572.2170150000001
Smartphone,Electronics,164.49,36.4,26,104.61564000000001
Camera,Cameras,1933.49,28.7,66,1378.5783700000002
Laptop,Accessories,1091.37,44.55,86,605.1646649999999
Laptop,Electronics,326.18,15.33,88,276.176606
Laptop,Electronics,104.98,26.45,24,77.21279000000001
Headphones,Cameras,957.84,19.83,79,767.9003280000001
Mouse,Gadgets,1228.43,18.14,8,1005.592798
Monitor,Cameras,1084.26,33.91,61,716.587434
Keyboard,Accessories,1317.58,21.24,52,1037.726008
Smartphone,Cameras,982.38,47.94,87,511.42702799999995
Keyboard,Gadgets,1624.6,43.38,12,919.84852
Monitor,Cameras,1580.15,28.09,52,1136.2858650000003
Laptop,Accessories,1498.72,36.92,74,945.3925760000001
Camera,Accessories,1889.12,46.49,51,1010.8681119999998
Smartphone,Accessories,837.92,8.9,23,763.34512
Smartphone,Cameras,712.79,24.03,34,541.506563
Camera,Cameras,1331.04,32.12,61,903.5099520000001
Headphones,Accessories,1871.0,26.43,25,1376.4947
Keyboard,Cameras,787.59,10.67,1,703.5541470000001
Camera,Electronics,898.14,29.12,88,636.601632
Mouse,Cameras,1600.98,28.44,99,1145.661288
Mouse,Electronics,925.19,36.71,78,585.5527510000001
Mouse,Gadgets,145.6,26.42,59,107.13248
Smartphone,Gadgets,879.32,26.09,37,649.9054120000001
Headphones,Accessories,937.77,27.72,63,677.820156
Headphones,Electronics,1398.91,30.84,50,967.486156
Monitor,Accessories,1828.36,33.62,38,1213.665368
Headphones,Electronics,113.91,8.3,36,104.45547
Monitor,Gadgets,1717.87,6.23,66,1610.846699
Headphones,Accessories,814.05,24.03,35,618.433785
Laptop,Electronics,700.68,7.81,26,645.9568919999999
Monitor,Electronics,1292.5,21.15,44,1019.13625
Smartphone,Accessories,1470.88,48.47,82,757.9444640000002
Headphones,Electronics,1532.3,49.72,33,770.44044
Mouse,Cameras,1284.23,8.8,79,1171.21776
Laptop,Cameras,1052.93,30.54,75,731.365178
Keyboard,Gadgets,1331.1,22.63,24,1029.87207
Mouse,Electronics,1285.05,8.06,2,1181.47497
Smartphone,Cameras,228.85,26.38,82,168.47937
Camera,Electronics,995.51,21.58,60,780.678942
Keyboard,Gadgets,1179.81,39.15,29,717.914385
Monitor,Accessories,653.51,24.19,66,495.425931
Monitor,Cameras,476.27,12.27,39,417.831671
Smartphone,Electronics,1481.9,23.73,40,1130.24513
Keyboard,Accessories,984.11,25.02,65,737.885678
Monitor,Cameras,833.34,11.0,36,741.6726
Mouse,Gadgets,173.95,15.1,56,147.68355
Laptop,Accessories,1471.61,29.84,59,1032.481576
Mouse,Electronics,1284.23,37.95,64,796.864715
Mouse,Electronics,1413.95,28.32,39,1013.51936
Keyboard,Electronics,1315.33,49.51,90,664.110117
Monitor,Accessories,922.59,42.79,36,527.813739
Smartphone,Electronics,154.4,26.06,74,114.16336000000001
Monitor,Electronics,504.76,16.01,53,423.947924
Laptop,Electronics,1607.14,12.74,34,1402.390364
Smartphone,Gadgets,1519.7,49.92,50,761.0657599999998
Monitor,Electronics,924.53,48.36,26,477.42729199999997
Smartphone,Cameras,1694.0,37.3,29,1062.138
Smartphone,Cameras,1199.16,43.64,18,675.846576
